id;reviewer_name;email_address;review_date;over_all_seller_rating;over_all_seller_review;over_all_delivery_rating;over_all_delivery_review;review_as_anonymous;completed_review;last_edited_by;last_edited_when
1;Monitored;">:1+x@*.n";2019-11-07T05:01:05;32001;../fake-data/blob/hipster.txt;62198;../fake-data/blob/hipster.txt;true;true;Usability;2019-11-07T04:32:53
2;bus withdrawal enterprise;"R2oC@ZWZl.eDuc%";2019-11-07T08:57:27;94549;../fake-data/blob/hipster.txt;1997;../fake-data/blob/hipster.txt;true;true;Mountain Bedfordshire;2019-11-07T08:59:07
3;mindshare panel metrics;"v1Ds?@dEqm!.;n~";2019-11-07T04:53:42;21076;../fake-data/blob/hipster.txt;35172;../fake-data/blob/hipster.txt;false;false;Refined Rubber Shirt Money Market Account;2019-11-06T15:25:49
4;Baby Jordan Sleek Metal Mouse;"NH@1436Q).t""Po%";2019-11-07T00:33:16;70208;../fake-data/blob/hipster.txt;99564;../fake-data/blob/hipster.txt;true;false;Avon Iowa;2019-11-06T11:09:45
5;solid state Alley pixel;"MWH~@!=oOF.-#ub";2019-11-07T07:12:14;46393;../fake-data/blob/hipster.txt;21772;../fake-data/blob/hipster.txt;false;false;copying Villages Borders;2019-11-06T10:43:38
6;payment Direct;"0WT@-dl.W+&P";2019-11-06T18:12:49;45870;../fake-data/blob/hipster.txt;44687;../fake-data/blob/hipster.txt;false;true;green;2019-11-07T05:12:53
7;exploit Factors;"m/O@MN/U.LeT";2019-11-07T08:29:12;98457;../fake-data/blob/hipster.txt;85516;../fake-data/blob/hipster.txt;true;false;payment;2019-11-06T16:00:25
8;web services;"d""j5@?<9&.OK";2019-11-06T17:36:42;96448;../fake-data/blob/hipster.txt;24545;../fake-data/blob/hipster.txt;false;true;parse UAE Dirham;2019-11-06T18:24:59
9;Direct Sleek;":F&>86@K&B:p.tm0M~0";2019-11-06T23:23:56;98801;../fake-data/blob/hipster.txt;22069;../fake-data/blob/hipster.txt;false;true;Developer digital overriding;2019-11-06T17:55:05
10;Fantastic Concrete Bike;"R@2..};w]Sg";2019-11-07T00:58:00;29945;../fake-data/blob/hipster.txt;33850;../fake-data/blob/hipster.txt;false;false;Dong navigating Frozen;2019-11-07T05:19:56
